"grupo","edad_grupo","ingreso_promedio"
"desempleado","18-29",22903.8888888889
"ocupado","18-29",23206.4578947368
"desempleado","30-44",22077.6734693878
"ocupado","30-44",23256.3181818182
"desempleado","45-65",24142.44
"ocupado","45-65",23391.8949152542
